date,account,total_pnl,num_trades,avg_pnl,win_rate,total_volume,avg_leverage,Classification
1/5/2023,0x3998f134d6aaa2b6a5f723806d00fd2bbbbce891,0,3,0,0,476.99281,1,Fear
5/12/2023,0xb1231a4a2dd02f2276fa3c5e2a2f3436e6bfed23,0,9,0,0,50005.82917,1,Neutral
1/1/2024,0xb1231a4a2dd02f2276fa3c5e2a2f3436e6bfed23,-129.53146,18,-7.196192222,0.055555556,264239.5126,1,Greed
1/2/2024,0xb1231a4a2dd02f2276fa3c5e2a2f3436e6bfed23,0,6,0,0,2008.184771,1,Greed
1/3/2024,0x75f7eeb85dc639d5e99c78f95393aa9a5f1170d4,8244.241409,137,60.17694459,0.934306569,472974.6631,1,Greed
1/4/2024,0x4f93fead39b70a1824f981a54d4e55b278e9f760,0.840939,29,0.028997897,0.068965517,134989.4613,1,Greed
1/4/2024,0x75f7eeb85dc639d5e99c78f95393aa9a5f1170d4,2507.122467,48,52.23171806,0.833333333,204481.0395,1,Greed
1/5/2024,0x4f93fead39b70a1824f981a54d4e55b278e9f760,0,14,0,0,87025.4638,1,Greed
1/6/2024,0x8477e447846c758f5a675856001ea72298fd9cb5,91.510419,25,3.66041676,0.36,12834.62374,1,Greed
1/7/2024,0x4f93fead39b70a1824f981a54d4e55b278e9f760,1202.488212,13,92.49909323,0.692307692,97200.55572,1,Greed
1/7/2024,0xb1231a4a2dd02f2276fa3c5e2a2f3436e6bfed23,3863.351096,51,75.75198227,0.333333333,265469.5861,1,Greed
1/8/2024,0x3998f134d6aaa2b6a5f723806d00fd2bbbbce891,0,1,0,0,0.738558711,1,Greed
1/8/2024,0x4f93fead39b70a1824f981a54d4e55b278e9f760,0,13,0,0,143994.9991,1,Greed
1/8/2024,0x8477e447846c758f5a675856001ea72298fd9cb5,167.080017,34,4.914118147,0.117647059,48714.34987,1,Greed
1/8/2024,0xb1231a4a2dd02f2276fa3c5e2a2f3436e6bfed23,0,9,0,0,35064.42504,1,Greed
1/9/2024,0x8477e447846c758f5a675856001ea72298fd9cb5,137.433093,12,11.45275775,0.416666667,12359.66383,1,Extreme Greed
1/10/2024,0x4f93fead39b70a1824f981a54d4e55b278e9f760,0,4,0,0,139954.3213,1,Greed
1/11/2024,0x2c229d22b100a7beb69122eed721cee9b24011dd,-0.09906,14,-0.007075714,0.285714286,29949.93014,1,Extreme Greed
1/11/2024,0x4f93fead39b70a1824f981a54d4e55b278e9f760,1040.574796,9,115.6194218,0.222222222,231031.1027,1,Extreme Greed
1/12/2024,0x23e7a7f8d14b550961925fbfdaa92f5d195ba5bd,0,1,0,0,0.062531381,1,Greed
1/12/2024,0x28736f43f1e871e6aa8b1148d38d4994275d72c4,4458.25495,193,23.09976658,0.502590674,47695.6176,1,Greed
1/12/2024,0x3998f134d6aaa2b6a5f723806d00fd2bbbbce891,13.566929,3,4.522309667,0.666666667,34.09516028,1,Greed
1/12/2024,0x39cef799f8b69da1995852eea189df24eb5cae3c,0,1,0,0,199.81188,1,Greed
1/12/2024,0x47add9a56df66b524d5e2c1993a43cde53b6ed85,197.422418,4,49.3556045,0.5,1434.857507,1,Greed
1/12/2024,0x4f93fead39b70a1824f981a54d4e55b278e9f760,337.835516,27,12.51242652,0.592592593,600205.8512,1,Greed
1/12/2024,0x8381e6d82f1affd39a336e143e081ef7620a3b7f,0,3,0,0,2998.770608,1,Greed
1/12/2024,0x8477e447846c758f5a675856001ea72298fd9cb5,1169.432253,123,9.507579293,0.447154472,109899.3057,1,Greed
1/12/2024,0xa520ded057a32086c40e7dd6ed4eb8efb82c00e0,34709.85243,61,569.0139742,0.803278689,52243.58492,1,Greed
2/1/2024,0xb1231a4a2dd02f2276fa3c5e2a2f3436e6bfed23,783.979116,17,46.11641859,0.470588235,121348.7299,1,Greed
2/2/2024,0xb1231a4a2dd02f2276fa3c5e2a2f3436e6bfed23,456.423473,42,10.86722555,0.30952381,474278.4338,1,Greed
2/3/2024,0x75f7eeb85dc639d5e99c78f95393aa9a5f1170d4,1674.715167,24,69.77979863,0.875,60253.78336,1,Greed
2/3/2024,0xb1231a4a2dd02f2276fa3c5e2a2f3436e6bfed23,-1443.814567,7,-206.2592239,0,2943.7591,1,Greed
2/4/2024,0x4f93fead39b70a1824f981a54d4e55b278e9f760,883.760812,37,23.88542735,0.324324324,224664.5976,1,Greed
2/4/2024,0xb1231a4a2dd02f2276fa3c5e2a2f3436e6bfed23,0,4,0,0,14999.878,1,Greed
2/6/2024,0x8477e447846c758f5a675856001ea72298fd9cb5,192.906947,93,2.074268247,0.365591398,29464.54648,1,Greed
2/7/2024,0xb1231a4a2dd02f2276fa3c5e2a2f3436e6bfed23,2421.253116,18,134.514062,0.722222222,33347.46842,1,Greed
2/8/2024,0x4f93fead39b70a1824f981a54d4e55b278e9f760,0,36,0,0,295967.1238,1,Greed
2/8/2024,0x8477e447846c758f5a675856001ea72298fd9cb5,228.247701,15,15.2165134,0.8,29767.08196,1,Greed
2/8/2024,0xb1231a4a2dd02f2276fa3c5e2a2f3436e6bfed23,554.12049,12,46.1767075,0.416666667,70586.15078,1,Greed
2/9/2024,0x4f93fead39b70a1824f981a54d4e55b278e9f760,0,2,0,0,30000.42477,1,Greed
2/10/2024,0x4f93fead39b70a1824f981a54d4e55b278e9f760,0,4,0,0,99954.34189,1,Greed
2/11/2024,0x4f93fead39b70a1824f981a54d4e55b278e9f760,0,2,0,0,39999.9936,1,Greed
2/12/2024,0x28736f43f1e871e6aa8b1148d38d4994275d72c4,1283.846047,140,9.170328907,0.521428571,19651.6455,1,Greed
2/12/2024,0x2c229d22b100a7beb69122eed721cee9b24011dd,16196.86485,53,305.6012235,0.566037736,124483.2366,1,Greed
2/12/2024,0x3998f134d6aaa2b6a5f723806d00fd2bbbbce891,0,1,0,0,1.85E-06,1,Greed
2/12/2024,0x3f9a0aadc7f04a7c9d75dc1b5a6ddd6e36486cf6,0,1,0,0,46692.72,1,Greed
2/12/2024,0x4f93fead39b70a1824f981a54d4e55b278e9f760,754.7378,17,44.39634118,0.352941176,300751.2325,1,Greed
2/12/2024,0x8381e6d82f1affd39a336e143e081ef7620a3b7f,0,6,0,0,2043.92009,1,Greed
2/12/2024,0x8477e447846c758f5a675856001ea72298fd9cb5,254.15562,8,31.7694525,0.125,13343.4317,1,Greed
2/12/2024,0xae5eacaf9c6b9111fd53034a602c192a04e082ed,0,44,0,0,78277.28941,1,Greed
3/1/2024,0xb1231a4a2dd02f2276fa3c5e2a2f3436e6bfed23,866.015507,67,12.92560458,0.417910448,394499.3684,1,Extreme Greed
3/2/2024,0xb1231a4a2dd02f2276fa3c5e2a2f3436e6bfed23,223.309187,56,3.987664054,0.107142857,603819.9888,1,Extreme Greed
3/3/2024,0x75f7eeb85dc639d5e99c78f95393aa9a5f1170d4,8361.086245,79,105.8365347,0.683544304,390745.677,1,Extreme Greed
3/4/2024,0x75f7eeb85dc639d5e99c78f95393aa9a5f1170d4,126.7884,2,63.3942,0.5,6887.9016,1,Extreme Greed
3/4/2024,0xb1231a4a2dd02f2276fa3c5e2a2f3436e6bfed23,0,2,0,0,9999.66,1,Extreme Greed
3/5/2024,0x4f93fead39b70a1824f981a54d4e55b278e9f760,5319.861625,23,231.2983315,0.695652174,277373.2802,1,Extreme Greed
3/5/2024,0x75f7eeb85dc639d5e99c78f95393aa9a5f1170d4,-13.84458,7,-1.977797143,0.142857143,330.51174,1,Extreme Greed
3/5/2024,0xb1231a4a2dd02f2276fa3c5e2a2f3436e6bfed23,0,6,0,0,4978.84697,1,Extreme Greed
3/6/2024,0x8477e447846c758f5a675856001ea72298fd9cb5,562.808208,70,8.040117257,0.628571429,21466.86843,1,Extreme Greed
3/7/2024,0x4f93fead39b70a1824f981a54d4e55b278e9f760,1118.387284,10,111.8387284,0.4,103880.0756,1,Extreme Greed
3/7/2024,0xb1231a4a2dd02f2276fa3c5e2a2f3436e6bfed23,0,8,0,0,75720.5796,1,Extreme Greed
3/8/2024,0x3998f134d6aaa2b6a5f723806d00fd2bbbbce891,0,1,0,0,0.653269922,1,Extreme Greed
3/8/2024,0x4f93fead39b70a1824f981a54d4e55b278e9f760,0,13,0,0,112478.9909,1,Extreme Greed
3/8/2024,0x8477e447846c758f5a675856001ea72298fd9cb5,464.1897,1,464.1897,1,4534.0875,1,Extreme Greed
3/8/2024,0xa520ded057a32086c40e7dd6ed4eb8efb82c00e0,0,16,0,0,148507.0173,1,Extreme Greed
3/8/2024,0xb1231a4a2dd02f2276fa3c5e2a2f3436e6bfed23,0,6,0,0,25012.13917,1,Extreme Greed
3/10/2024,0x3f9a0aadc7f04a7c9d75dc1b5a6ddd6e36486cf6,100.375782,5,20.0751564,0.6,12926.69258,1,Extreme Greed
3/10/2024,0x4f93fead39b70a1824f981a54d4e55b278e9f760,0,4,0,0,120009.0093,1,Extreme Greed
3/11/2024,0x3f9a0aadc7f04a7c9d75dc1b5a6ddd6e36486cf6,0,2,0,0,19061.3146,1,Extreme Greed
3/11/2024,0x4f93fead39b70a1824f981a54d4e55b278e9f760,0,4,0,0,109994.3553,1,Extreme Greed
3/12/2024,0x28736f43f1e871e6aa8b1148d38d4994275d72c4,1190.358719,78,15.26100922,0.474358974,7205.024667,1,Extreme Greed
3/12/2024,0x2c229d22b100a7beb69122eed721cee9b24011dd,121.535562,59,2.05992478,0.237288136,99449.61683,1,Extreme Greed
3/12/2024,0x39cef799f8b69da1995852eea189df24eb5cae3c,0,1,0,0,209.94,1,Extreme Greed
3/12/2024,0x47add9a56df66b524d5e2c1993a43cde53b6ed85,30.727222,42,0.731600524,0.023809524,13860.81275,1,Extreme Greed
3/12/2024,0x4f93fead39b70a1824f981a54d4e55b278e9f760,1467.100221,9,163.0111357,0.444444444,282371.698,1,Extreme Greed
3/12/2024,0x8477e447846c758f5a675856001ea72298fd9cb5,-158.695661,6,-26.44927683,0,16252.4075,1,Extreme Greed
3/12/2024,0xa520ded057a32086c40e7dd6ed4eb8efb82c00e0,0,34,0,0,99999.99104,1,Extreme Greed
3/12/2024,0xae5eacaf9c6b9111fd53034a602c192a04e082ed,20925.51322,145,144.3138843,0.724137931,565317.0199,1,Extreme Greed
4/1/2024,0xb1231a4a2dd02f2276fa3c5e2a2f3436e6bfed23,-67.60364,5,-13.520728,0,99792.53588,1,Extreme Greed
4/2/2024,0xb1231a4a2dd02f2276fa3c5e2a2f3436e6bfed23,47.623895,35,1.360682714,0.257142857,203187.5367,1,Extreme Greed
4/3/2024,0x75f7eeb85dc639d5e99c78f95393aa9a5f1170d4,26773.77164,287,93.28840294,0.881533101,1574220.042,1,Greed
4/3/2024,0xb1231a4a2dd02f2276fa3c5e2a2f3436e6bfed23,1026.004099,13,78.92339223,1,3776.704325,1,Greed
4/4/2024,0x4f93fead39b70a1824f981a54d4e55b278e9f760,0,32,0,0,95987.71009,1,Greed
4/5/2024,0x4f93fead39b70a1824f981a54d4e55b278e9f760,0,6,0,0,53999.33827,1,Extreme Greed
4/5/2024,0xb1231a4a2dd02f2276fa3c5e2a2f3436e6bfed23,0,3,0,0,4999.412731,1,Extreme Greed
4/6/2024,0x8477e447846c758f5a675856001ea72298fd9cb5,52.211438,53,0.985121472,0.471698113,24243.41788,1,Extreme Greed
4/7/2024,0x4f93fead39b70a1824f981a54d4e55b278e9f760,0,14,0,0,255022.2074,1,Extreme Greed
4/7/2024,0xb1231a4a2dd02f2276fa3c5e2a2f3436e6bfed23,0,11,0,0,175545.7863,1,Extreme Greed
4/8/2024,0x3998f134d6aaa2b6a5f723806d00fd2bbbbce891,0,1,0,0,0.014883481,1,Extreme Greed
4/8/2024,0x4f93fead39b70a1824f981a54d4e55b278e9f760,-108604.4963,72,-1508.395782,0,901551.0905,1,Extreme Greed
4/8/2024,0x8477e447846c758f5a675856001ea72298fd9cb5,109.005815,17,6.412106765,0.176470588,36193.88766,1,Extreme Greed
4/8/2024,0xa520ded057a32086c40e7dd6ed4eb8efb82c00e0,-14176.51042,10,-1417.651042,0,134929.864,1,Extreme Greed
4/8/2024,0xb1231a4a2dd02f2276fa3c5e2a2f3436e6bfed23,0,27,0,0,135069.2196,1,Extreme Greed
4/9/2024,0x4f93fead39b70a1824f981a54d4e55b278e9f760,0,1,0,0,35004.97776,1,Extreme Greed
4/9/2024,0xb1231a4a2dd02f2276fa3c5e2a2f3436e6bfed23,1065.785132,33,32.29651915,0.151515152,96475.97163,1,Extreme Greed
4/10/2024,0xb1231a4a2dd02f2276fa3c5e2a2f3436e6bfed23,0,1,0,0,0.338104612,1,Extreme Greed
4/11/2024,0x3f9a0aadc7f04a7c9d75dc1b5a6ddd6e36486cf6,540.05911,10,54.005911,1,19601.33563,1,Extreme Greed
4/11/2024,0x4f93fead39b70a1824f981a54d4e55b278e9f760,2259.351364,26,86.89812938,0.5,432210.6552,1,Extreme Greed
4/12/2024,0x28736f43f1e871e6aa8b1148d38d4994275d72c4,9066.169646,112,80.94794327,0.535714286,18567.70397,1,Extreme Greed
4/12/2024,0x2c229d22b100a7beb69122eed721cee9b24011dd,7591.307059,37,205.1704611,0.675675676,126798.8594,1,Extreme Greed
4/12/2024,0x47add9a56df66b524d5e2c1993a43cde53b6ed85,910.584797,102,8.927301931,0.137254902,81173.18078,1,Extreme Greed
4/12/2024,0x4f93fead39b70a1824f981a54d4e55b278e9f760,291.35271,13,22.41174692,0.230769231,261052.4064,1,Extreme Greed
4/12/2024,0x8381e6d82f1affd39a336e143e081ef7620a3b7f,33.261416,10,3.3261416,0.2,6696.076131,1,Extreme Greed
4/12/2024,0xae5eacaf9c6b9111fd53034a602c192a04e082ed,0,1,0,0,0.095280072,1,Extreme Greed
4/12/2024,0xb1231a4a2dd02f2276fa3c5e2a2f3436e6bfed23,274999.1394,44,6249.980441,1,274999.3759,1,Extreme Greed
5/1/2024,0xb1231a4a2dd02f2276fa3c5e2a2f3436e6bfed23,164.141565,66,2.486993409,0.196969697,1703942.667,1,Neutral
5/2/2024,0xb1231a4a2dd02f2276fa3c5e2a2f3436e6bfed23,-33.454194,72,-0.464641583,0.194444444,770198.2487,1,Fear
5/3/2024,0x75f7eeb85dc639d5e99c78f95393aa9a5f1170d4,19791.02604,180,109.9501447,0.905555556,841810.295,1,Neutral
5/4/2024,0x4f93fead39b70a1824f981a54d4e55b278e9f760,4444.498301,10,444.4498301,0.7,172531.5569,1,Greed
5/4/2024,0x75f7eeb85dc639d5e99c78f95393aa9a5f1170d4,5296.433789,82,64.59065596,0.914634146,305295.1846,1,Greed
5/4/2024,0xb1231a4a2dd02f2276fa3c5e2a2f3436e6bfed23,965.552216,8,120.694027,1,25965.09022,1,Greed
5/5/2024,0x4f93fead39b70a1824f981a54d4e55b278e9f760,0,4,0,0,23986.04454,1,Greed
5/5/2024,0x75f7eeb85dc639d5e99c78f95393aa9a5f1170d4,0.916,2,0.458,0.5,82.3,1,Greed
5/6/2024,0x8477e447846c758f5a675856001ea72298fd9cb5,56.055506,54,1.038064926,0.296296296,25350.75432,1,Greed
5/7/2024,0x4f93fead39b70a1824f981a54d4e55b278e9f760,0,20,0,0,270298.7349,1,Greed
5/7/2024,0xb1231a4a2dd02f2276fa3c5e2a2f3436e6bfed23,0,12,0,0,1991.1425,1,Greed
5/8/2024,0x4f93fead39b70a1824f981a54d4e55b278e9f760,-4779.219012,17,-281.1305301,0,213738.1551,1,Greed
5/8/2024,0x8477e447846c758f5a675856001ea72298fd9cb5,160.443699,17,9.437864647,0.411764706,40082.49547,1,Greed
5/8/2024,0xa520ded057a32086c40e7dd6ed4eb8efb82c00e0,0,2,0,0,20107.60936,1,Greed
5/8/2024,0xb1231a4a2dd02f2276fa3c5e2a2f3436e6bfed23,-8394.889856,44,-190.7929513,0.590909091,146567.1135,1,Greed
5/9/2024,0x3998f134d6aaa2b6a5f723806d00fd2bbbbce891,0,1,0,0,0.842795195,1,Greed
5/10/2024,0x430f09841d65beb3f27765503d0f850b8bce7713,0,1,0,0,0.609720953,1,Greed
5/10/2024,0x4f93fead39b70a1824f981a54d4e55b278e9f760,5767.161892,36,160.1989414,0.666666667,605605.1048,1,Greed
5/11/2024,0x4f93fead39b70a1824f981a54d4e55b278e9f760,678.475928,10,67.8475928,0.5,200627.2215,1,Neutral
5/12/2024,0x271b280974205ca63b716753467d5a371de622ab,208.81746,4,52.204365,0.75,158123.9507,1,Greed
5/12/2024,0x28736f43f1e871e6aa8b1148d38d4994275d72c4,14685.78766,98,149.8549762,0.489795918,25406.08335,1,Greed
5/12/2024,0x2c229d22b100a7beb69122eed721cee9b24011dd,2069.92634,33,62.72504061,0.909090909,29373.48212,1,Greed
5/12/2024,0x39cef799f8b69da1995852eea189df24eb5cae3c,0,6,0,0,61428.49047,1,Greed
5/12/2024,0x47add9a56df66b524d5e2c1993a43cde53b6ed85,3174.023699,290,10.94490931,0.365517241,170421.2268,1,Greed
5/12/2024,0x4f93fead39b70a1824f981a54d4e55b278e9f760,1435.68724,19,75.56248632,0.105263158,761409.1186,1,Greed
5/12/2024,0x8381e6d82f1affd39a336e143e081ef7620a3b7f,0,2,0,0,588.53396,1,Greed
5/12/2024,0xb1231a4a2dd02f2276fa3c5e2a2f3436e6bfed23,49999.87608,4,12499.96902,1,49999.9128,1,Greed
6/1/2024,0xb1231a4a2dd02f2276fa3c5e2a2f3436e6bfed23,135.581664,22,6.162802909,0.454545455,298521.4128,1,Greed
6/2/2024,0xb1231a4a2dd02f2276fa3c5e2a2f3436e6bfed23,-215.615907,1088,-0.198176385,0.164522059,8047153.469,1,Greed
6/3/2024,0x75f7eeb85dc639d5e99c78f95393aa9a5f1170d4,6814.825139,82,83.10762365,0.87804878,327217.9906,1,Greed
6/4/2024,0x4f93fead39b70a1824f981a54d4e55b278e9f760,236.335134,16,14.77094587,0.25,68223.66744,1,Greed
6/5/2024,0x4f93fead39b70a1824f981a54d4e55b278e9f760,968.59038,9,107.6211533,0.444444444,206016.4265,1,Extreme Greed
6/6/2024,0x8477e447846c758f5a675856001ea72298fd9cb5,274.173187,234,1.171680286,0.427350427,137557.8338,1,Extreme Greed
6/7/2024,0xb1231a4a2dd02f2276fa3c5e2a2f3436e6bfed23,108.872178,24,4.53634075,0.291666667,2490.184293,1,Extreme Greed
6/8/2024,0x3998f134d6aaa2b6a5f723806d00fd2bbbbce891,215.754798,27,7.990918444,0.296296296,771.008862,1,Greed
6/8/2024,0xb1231a4a2dd02f2276fa3c5e2a2f3436e6bfed23,51.56325,80,0.644540625,0.0625,60707.38491,1,Greed
6/9/2024,0x4f93fead39b70a1824f981a54d4e55b278e9f760,0,4,0,0,34990.67483,1,Extreme Greed
6/9/2024,0xb1231a4a2dd02f2276fa3c5e2a2f3436e6bfed23,-1104.856765,38,-29.07517803,0,4056.44,1,Extreme Greed
6/10/2024,0x4f93fead39b70a1824f981a54d4e55b278e9f760,130.487079,22,5.931230864,0.227272727,300130.5818,1,Greed
6/11/2024,0x2c229d22b100a7beb69122eed721cee9b24011dd,-3.41119,3,-1.137063333,0,2000.51909,1,Greed
6/11/2024,0x4f93fead39b70a1824f981a54d4e55b278e9f760,2821.24842,12,235.104035,0.583333333,121906.393,1,Greed
6/12/2024,0x083384f897ee0f19899168e3b1bec365f52a9012,-175611.0001,33,-5321.545456,0,1212300,1,Greed
6/12/2024,0x23e7a7f8d14b550961925fbfdaa92f5d195ba5bd,0,34,0,0,48513.60442,1,Greed
6/12/2024,0x28736f43f1e871e6aa8b1148d38d4994275d72c4,389.176232,69,5.640235246,0.231884058,8956.58181,1,Greed
6/12/2024,0x2c229d22b100a7beb69122eed721cee9b24011dd,-123.870122,9,-13.76334689,0,20916.39608,1,Greed
6/12/2024,0x39cef799f8b69da1995852eea189df24eb5cae3c,0,20,0,0,33151.04106,1,Greed
6/12/2024,0x420ab45e0bd8863569a5efbb9c05d91f40624641,0,45,0,0,480326.6535,1,Greed
6/12/2024,0x47add9a56df66b524d5e2c1993a43cde53b6ed85,514.886454,108,4.767467167,0.296296296,108996.5083,1,Greed
6/12/2024,0x4f93fead39b70a1824f981a54d4e55b278e9f760,7206.315268,59,122.1409367,0.355932203,1482566.509,1,Greed
6/12/2024,0x8381e6d82f1affd39a336e143e081ef7620a3b7f,0,1,0,0,292.1076,1,Greed
6/12/2024,0xb1231a4a2dd02f2276fa3c5e2a2f3436e6bfed23,74999.84833,25,2999.993933,1,74999.9029,1,Greed
7/1/2024,0xb1231a4a2dd02f2276fa3c5e2a2f3436e6bfed23,-835.681235,97,-8.615270464,0.092783505,1048850.051,1,Neutral
7/2/2024,0xb1231a4a2dd02f2276fa3c5e2a2f3436e6bfed23,241.24212,15,16.082808,0.133333333,6758.70464,1,Neutral
7/4/2024,0x4f93fead39b70a1824f981a54d4e55b278e9f760,0,23,0,0,49988.1611,1,Fear
7/5/2024,0x4f93fead39b70a1824f981a54d4e55b278e9f760,656.21704,10,65.621704,0.7,98901.26674,1,Fear
7/5/2024,0x75f7eeb85dc639d5e99c78f95393aa9a5f1170d4,0,1,0,0,47.5908,1,Fear
7/5/2024,0xb1231a4a2dd02f2276fa3c5e2a2f3436e6bfed23,227.320653,7,32.474379,0.285714286,9768.729818,1,Fear
7/6/2024,0x4f93fead39b70a1824f981a54d4e55b278e9f760,7329.223138,52,140.9465988,0.576923077,785972.7236,1,Fear
7/6/2024,0x8477e447846c758f5a675856001ea72298fd9cb5,1573.244278,374,4.206535503,0.390374332,311530.0493,1,Fear
7/6/2024,0xb1231a4a2dd02f2276fa3c5e2a2f3436e6bfed23,0,14,0,0,1086.1204,1,Fear
7/7/2024,0xb1231a4a2dd02f2276fa3c5e2a2f3436e6bfed23,61.428942,10,6.1428942,1,498.75,1,Fear
7/8/2024,0x3998f134d6aaa2b6a5f723806d00fd2bbbbce891,0,11,0,0,0.04508307,1,Fear
7/8/2024,0xa520ded057a32086c40e7dd6ed4eb8efb82c00e0,0,1,0,0,499.9998066,1,Fear
7/8/2024,0xb1231a4a2dd02f2276fa3c5e2a2f3436e6bfed23,188.789255,21,8.989964524,0.476190476,1992.724711,1,Fear
7/10/2024,0x4f93fead39b70a1824f981a54d4e55b278e9f760,0,21,0,0,219984.6452,1,Fear
7/11/2024,0x3f9a0aadc7f04a7c9d75dc1b5a6ddd6e36486cf6,503.462576,16,31.466411,0.6875,30868.50256,1,Fear
7/11/2024,0x4f93fead39b70a1824f981a54d4e55b278e9f760,628.96246,2,314.48123,0.5,60628.85038,1,Fear
7/11/2024,0xa520ded057a32086c40e7dd6ed4eb8efb82c00e0,3360.9281,95,35.37819053,0.505263158,19837.89598,1,Fear
7/12/2024,0x23e7a7f8d14b550961925fbfdaa92f5d195ba5bd,3515.031065,26,135.1935025,0.961538462,52028.63855,1,Fear
7/12/2024,0x28736f43f1e871e6aa8b1148d38d4994275d72c4,4008.012049,86,46.60479127,0.418604651,13732.26157,1,Fear
7/12/2024,0x47add9a56df66b524d5e2c1993a43cde53b6ed85,1040.616939,180,5.781205217,0.35,104429.7894,1,Fear
7/12/2024,0x4f93fead39b70a1824f981a54d4e55b278e9f760,2342.996384,4,585.749096,1,198481.4408,1,Fear
7/12/2024,0x8381e6d82f1affd39a336e143e081ef7620a3b7f,0,3,0,0,3063.884,1,Fear
7/12/2024,0xb1231a4a2dd02f2276fa3c5e2a2f3436e6bfed23,74999.62263,5,14999.92453,0.6,79997.3436,1,Fear
8/1/2024,0xb1231a4a2dd02f2276fa3c5e2a2f3436e6bfed23,-269.874439,128,-2.108394055,0.25,1522452.479,1,Neutral
8/2/2024,0xb1231a4a2dd02f2276fa3c5e2a2f3436e6bfed23,770.756024,10,77.0756024,0.4,26051.1241,1,Greed
8/3/2024,0x75f7eeb85dc639d5e99c78f95393aa9a5f1170d4,4271.886236,67,63.75949606,0.880597015,183583.2296,1,Fear
8/4/2024,0x4f93fead39b70a1824f981a54d4e55b278e9f760,0,28,0,0,163166.3776,1,Fear
8/4/2024,0x75f7eeb85dc639d5e99c78f95393aa9a5f1170d4,1218.4267,2,609.21335,0.5,48774.2675,1,Fear
8/5/2024,0x4f93fead39b70a1824f981a54d4e55b278e9f760,0,10,0,0,65834.18689,1,Fear
8/5/2024,0x75f7eeb85dc639d5e99c78f95393aa9a5f1170d4,1.56576,3,0.52192,0.333333333,139.3856,1,Fear
8/6/2024,0x4f93fead39b70a1824f981a54d4e55b278e9f760,0,7,0,0,45002.66072,1,Extreme Fear
8/6/2024,0x8477e447846c758f5a675856001ea72298fd9cb5,129.138839,22,5.869947227,0.363636364,52349.20393,1,Extreme Fear
8/7/2024,0xb1231a4a2dd02f2276fa3c5e2a2f3436e6bfed23,0,1,0,0,497.64,1,Fear
8/8/2024,0xa520ded057a32086c40e7dd6ed4eb8efb82c00e0,-40.712217,4,-10.17805425,0,459.2869463,1,Extreme Fear
8/8/2024,0xb1231a4a2dd02f2276fa3c5e2a2f3436e6bfed23,0,5,0,0,15840.06808,1,Extreme Fear
8/9/2024,0xa520ded057a32086c40e7dd6ed4eb8efb82c00e0,0,1,0,0,0.109817498,1,Neutral
8/10/2024,0x4f93fead39b70a1824f981a54d4e55b278e9f760,5396.546638,35,154.1870468,0.942857143,434583.5493,1,Fear
8/10/2024,0xb1231a4a2dd02f2276fa3c5e2a2f3436e6bfed23,0,1,0,0,0.578937202,1,Fear
8/11/2024,0x2c229d22b100a7beb69122eed721cee9b24011dd,-710.786946,15,-47.3857964,0,30058.80159,1,Fear
8/11/2024,0x4f93fead39b70a1824f981a54d4e55b278e9f760,646.373405,24,26.93222521,0.25,240641.6222,1,Fear
8/12/2024,0x28736f43f1e871e6aa8b1148d38d4994275d72c4,554.009942,102,5.43147002,0.421568627,7922.517702,1,Fear
8/12/2024,0x47add9a56df66b524d5e2c1993a43cde53b6ed85,227.072158,69,3.290900841,0.362318841,29212.99868,1,Fear
8/12/2024,0x4f93fead39b70a1824f981a54d4e55b278e9f760,0,7,0,0,59993.63124,1,Fear
8/12/2024,0x8381e6d82f1affd39a336e143e081ef7620a3b7f,-21.54374,5,-4.308748,0,4923.7859,1,Fear
8/12/2024,0xb1231a4a2dd02f2276fa3c5e2a2f3436e6bfed23,0,145,0,0,517950.2176,1,Fear
8/12/2024,0xbee1707d6b44d4d52bfe19e41f8a828645437aab,15206.39508,92,165.286903,0.913043478,312936.5093,1,Fear
9/1/2024,0xb1231a4a2dd02f2276fa3c5e2a2f3436e6bfed23,-826.349863,70,-11.80499804,0.257142857,870051.9215,1,Fear
9/3/2024,0x75f7eeb85dc639d5e99c78f95393aa9a5f1170d4,9949.501624,117,85.03847542,0.829059829,658178.7655,1,Fear
9/4/2024,0x4f93fead39b70a1824f981a54d4e55b278e9f760,0,3,0,0,57063.83727,1,Fear
9/5/2024,0x4f93fead39b70a1824f981a54d4e55b278e9f760,1147.595856,25,45.90383424,0.44,216990.5876,1,Fear
9/5/2024,0xb1231a4a2dd02f2276fa3c5e2a2f3436e6bfed23,0,3,0,0,4975.54088,1,Fear
9/6/2024,0x4f93fead39b70a1824f981a54d4e55b278e9f760,0,5,0,0,20999.96204,1,Extreme Fear
9/6/2024,0xb1231a4a2dd02f2276fa3c5e2a2f3436e6bfed23,0,12,0,0,1410.2548,1,Extreme Fear
9/7/2024,0xb1231a4a2dd02f2276fa3c5e2a2f3436e6bfed23,648.984412,15,43.26562747,1,2736.4455,1,Extreme Fear
9/8/2024,0x430f09841d65beb3f27765503d0f850b8bce7713,0,1,0,0,0.120187651,1,Fear
9/8/2024,0x4f93fead39b70a1824f981a54d4e55b278e9f760,11147.90055,12,928.9917128,0.75,132037.9847,1,Fear
9/8/2024,0x8477e447846c758f5a675856001ea72298fd9cb5,151.092375,69,2.189744565,0.246376812,43836.43094,1,Fear
9/8/2024,0xa520ded057a32086c40e7dd6ed4eb8efb82c00e0,0,2,0,0,499.9993488,1,Fear
9/8/2024,0xb1231a4a2dd02f2276fa3c5e2a2f3436e6bfed23,6783.078347,60,113.0513058,0.283333333,326830.2865,1,Fear
9/9/2024,0xb1231a4a2dd02f2276fa3c5e2a2f3436e6bfed23,0,2,0,0,4014.42,1,Fear
9/10/2024,0x4f93fead39b70a1824f981a54d4e55b278e9f760,396.06272,14,28.29019429,0.214285714,220399.9249,1,Fear
9/11/2024,0x4f93fead39b70a1824f981a54d4e55b278e9f760,0,9,0,0,150000.4225,1,Fear
9/11/2024,0x8477e447846c758f5a675856001ea72298fd9cb5,102.90894,77,1.33647974,0.246753247,43383.97467,1,Fear
9/12/2024,0x23e7a7f8d14b550961925fbfdaa92f5d195ba5bd,0,46,0,0,52066.89038,1,Fear
9/12/2024,0x28736f43f1e871e6aa8b1148d38d4994275d72c4,768.430838,213,3.607656516,0.591549296,18772.11718,1,Fear
9/12/2024,0x39cef799f8b69da1995852eea189df24eb5cae3c,483.662076,8,60.4577595,1,4824.8,1,Fear
9/12/2024,0x47add9a56df66b524d5e2c1993a43cde53b6ed85,311.290605,55,5.659829182,0.345454545,21974.65732,1,Fear
9/12/2024,0x4f93fead39b70a1824f981a54d4e55b278e9f760,2350.499742,17,138.2646907,0.411764706,359668.8538,1,Fear
9/12/2024,0x513b8629fe877bb581bf244e326a047b249c4ff1,0,42,0,0,70653.27716,1,Fear
9/12/2024,0x75f7eeb85dc639d5e99c78f95393aa9a5f1170d4,0.01574,7,0.002248571,0.428571429,117.10452,1,Fear
9/12/2024,0x8381e6d82f1affd39a336e143e081ef7620a3b7f,0,4,0,0,1763.8026,1,Fear
9/12/2024,0xaf40fdc468c30116bd3307bcbf4a451a7ebf1deb,0,4,0,0,7875.47287,1,Fear
9/12/2024,0xbee1707d6b44d4d52bfe19e41f8a828645437aab,2397.068675,143,16.76271801,0.062937063,446232.7507,1,Fear
10/1/2024,0xb1231a4a2dd02f2276fa3c5e2a2f3436e6bfed23,-1517.091342,193,-7.860576902,0.212435233,2057479.486,1,Neutral
10/3/2024,0x75f7eeb85dc639d5e99c78f95393aa9a5f1170d4,2482.9272,42,59.11731429,0.69047619,219973.8624,1,Fear
10/4/2024,0x4f93fead39b70a1824f981a54d4e55b278e9f760,5207.443414,41,127.010815,0.87804878,351735.9464,1,Fear
10/5/2024,0x4f93fead39b70a1824f981a54d4e55b278e9f760,2101.741695,22,95.53371341,0.272727273,156881.9954,1,Neutral
10/6/2024,0x4f93fead39b70a1824f981a54d4e55b278e9f760,0,4,0,0,24000.3042,1,Neutral
10/6/2024,0x8477e447846c758f5a675856001ea72298fd9cb5,31.266805,49,0.638098061,0.367346939,22587.60126,1,Neutral
10/7/2024,0x4f93fead39b70a1824f981a54d4e55b278e9f760,11595.62703,43,269.6657448,0.76744186,671917.0876,1,Neutral
10/7/2024,0xb1231a4a2dd02f2276fa3c5e2a2f3436e6bfed23,382.107881,13,29.39291392,0.384615385,15983.09712,1,Neutral
10/8/2024,0x430f09841d65beb3f27765503d0f850b8bce7713,0,1,0,0,0.683611751,1,Neutral
10/8/2024,0xb1231a4a2dd02f2276fa3c5e2a2f3436e6bfed23,0,87,0,0,11338.59299,1,Neutral
10/9/2024,0xa520ded057a32086c40e7dd6ed4eb8efb82c00e0,-219.729659,2,-109.8648295,0,1780.54659,1,Neutral
10/9/2024,0xb1231a4a2dd02f2276fa3c5e2a2f3436e6bfed23,0,1,0,0,766.7395,1,Neutral
10/10/2024,0x4f93fead39b70a1824f981a54d4e55b278e9f760,0,16,0,0,300024.3315,1,Fear
10/11/2024,0x3f9a0aadc7f04a7c9d75dc1b5a6ddd6e36486cf6,0,1,0,0,9836.8812,1,Fear
10/11/2024,0x4f93fead39b70a1824f981a54d4e55b278e9f760,548.36595,8,68.54574375,0.75,180546.9464,1,Fear
10/11/2024,0x8477e447846c758f5a675856001ea72298fd9cb5,442.748384,164,2.699685268,0.274390244,223252.8868,1,Fear
10/12/2024,0x23e7a7f8d14b550961925fbfdaa92f5d195ba5bd,2517.787385,64,39.34042789,0.984375,54584.67917,1,Neutral
10/12/2024,0x28736f43f1e871e6aa8b1148d38d4994275d72c4,980.557461,157,6.245588924,0.675159236,18780.67377,1,Neutral
10/12/2024,0x2c229d22b100a7beb69122eed721cee9b24011dd,130.883691,12,10.90697425,0.583333333,19024.83455,1,Neutral
10/12/2024,0x39cef799f8b69da1995852eea189df24eb5cae3c,0,3,0,0,67566.11481,1,Neutral
10/12/2024,0x47add9a56df66b524d5e2c1993a43cde53b6ed85,1474.670598,182,8.102585703,0.368131868,93195.84742,1,Neutral
10/12/2024,0x4f93fead39b70a1824f981a54d4e55b278e9f760,3986.312514,36,110.7309032,0.333333333,700941.1341,1,Neutral
10/12/2024,0x75f7eeb85dc639d5e99c78f95393aa9a5f1170d4,3634.56814,153,23.75534732,0.960784314,214389.5549,1,Neutral
10/12/2024,0x8381e6d82f1affd39a336e143e081ef7620a3b7f,0,1,0,0,587.9664,1,Neutral
10/12/2024,0xa520ded057a32086c40e7dd6ed4eb8efb82c00e0,0,8,0,0,109744.7942,1,Neutral
10/12/2024,0xbd5fead7180a9c139fa51a103cb6a2ce86ddb5c3,0,52,0,0,145530.3739,1,Neutral
10/12/2024,0xbee1707d6b44d4d52bfe19e41f8a828645437aab,26600.99044,928,28.66486039,0.576508621,1726077.876,1,Neutral
11/1/2024,0x3998f134d6aaa2b6a5f723806d00fd2bbbbce891,0,2,0,0,46133.865,1,Extreme Greed
11/1/2024,0xb1231a4a2dd02f2276fa3c5e2a2f3436e6bfed23,-164.089501,19,-8.636289526,0.263157895,259180.2213,1,Extreme Greed
11/2/2024,0xb1231a4a2dd02f2276fa3c5e2a2f3436e6bfed23,983.443176,34,28.92479929,0.205882353,212311.8213,1,Greed
11/3/2024,0x75f7eeb85dc639d5e99c78f95393aa9a5f1170d4,3588.179495,42,85.43284512,0.928571429,176519.426,1,Greed
11/4/2024,0x4f93fead39b70a1824f981a54d4e55b278e9f760,389.743164,16,24.35894775,0.125,76400.96632,1,Greed
11/5/2024,0x4f93fead39b70a1824f981a54d4e55b278e9f760,251.604742,9,27.95608244,1,63248.93678,1,Greed
11/6/2024,0x4f93fead39b70a1824f981a54d4e55b278e9f760,0,21,0,0,276003.4385,1,Greed
11/6/2024,0x8477e447846c758f5a675856001ea72298fd9cb5,51.081143,27,1.891894185,0.333333333,18808.46622,1,Greed
11/6/2024,0xb1231a4a2dd02f2276fa3c5e2a2f3436e6bfed23,4269.550668,75,56.92734224,0.106666667,78468.0051,1,Greed
11/7/2024,0x4f93fead39b70a1824f981a54d4e55b278e9f760,1876.812082,19,98.77958326,0.473684211,169887.0121,1,Extreme Greed
11/8/2024,0x4f93fead39b70a1824f981a54d4e55b278e9f760,847.77662,8,105.9720775,0.5,40839.86261,1,Extreme Greed
11/8/2024,0xb1231a4a2dd02f2276fa3c5e2a2f3436e6bfed23,0,16,0,0,3390.355813,1,Extreme Greed
11/9/2024,0x430f09841d65beb3f27765503d0f850b8bce7713,0,1,0,0,0.538062447,1,Extreme Greed
11/10/2024,0x430f09841d65beb3f27765503d0f850b8bce7713,0,1,0,0,0.726536499,1,Extreme Greed
11/10/2024,0x4f93fead39b70a1824f981a54d4e55b278e9f760,8885.327477,25,355.4130991,0.72,488903.4408,1,Extreme Greed
11/11/2024,0x083384f897ee0f19899168e3b1bec365f52a9012,0,177,0,0,900880.0625,1,Extreme Greed
11/11/2024,0x3f9a0aadc7f04a7c9d75dc1b5a6ddd6e36486cf6,393.07947,4,98.2698675,1,10229.96067,1,Extreme Greed
11/11/2024,0x4f93fead39b70a1824f981a54d4e55b278e9f760,1479.677222,20,73.9838611,0.45,331422.1482,1,Extreme Greed
11/11/2024,0x8477e447846c758f5a675856001ea72298fd9cb5,4876.874304,172,28.35392037,0.459302326,328040.0969,1,Extreme Greed
11/12/2024,0x28736f43f1e871e6aa8b1148d38d4994275d72c4,1582.001112,93,17.01076465,0.344086022,11570.31904,1,Extreme Greed
11/12/2024,0x2c229d22b100a7beb69122eed721cee9b24011dd,8544.6855,19,449.7202895,0.526315789,124463.0349,1,Extreme Greed
11/12/2024,0x39cef799f8b69da1995852eea189df24eb5cae3c,3721.345649,4,930.3364123,1,160050.203,1,Extreme Greed
11/12/2024,0x47add9a56df66b524d5e2c1993a43cde53b6ed85,1157.689489,325,3.562121505,0.335384615,99971.15628,1,Extreme Greed
11/12/2024,0x4f93fead39b70a1824f981a54d4e55b278e9f760,1083.777057,30,36.1259019,0.266666667,699939.4502,1,Extreme Greed
11/12/2024,0x6d6a4b953f202f8df5bed40692e7fd865318264a,698.009722,8,87.25121525,1,1093.39,1,Extreme Greed
11/12/2024,0x75f7eeb85dc639d5e99c78f95393aa9a5f1170d4,1567.402684,23,68.14794278,0.347826087,161572.2749,1,Extreme Greed
11/12/2024,0xa520ded057a32086c40e7dd6ed4eb8efb82c00e0,994.238977,15,66.28259847,1,2475.03051,1,Extreme Greed
11/12/2024,0xaf40fdc468c30116bd3307bcbf4a451a7ebf1deb,39.7705,1,39.7705,1,7158.61769,1,Extreme Greed
11/12/2024,0xb1231a4a2dd02f2276fa3c5e2a2f3436e6bfed23,274998.9426,156,1762.813735,1,274999.1236,1,Extreme Greed
11/12/2024,0xbd5fead7180a9c139fa51a103cb6a2ce86ddb5c3,0,17,0,0,10836.08273,1,Extreme Greed
11/12/2024,0xbee1707d6b44d4d52bfe19e41f8a828645437aab,24663.69094,530,46.53526593,0.979245283,639969.6816,1,Extreme Greed
12/1/2024,0xb1231a4a2dd02f2276fa3c5e2a2f3436e6bfed23,-1925.519024,7,-275.0741463,0,200082.2738,1,Extreme Greed
12/2/2024,0xb1231a4a2dd02f2276fa3c5e2a2f3436e6bfed23,913.881787,16,57.11761169,0.375,227247.6818,1,Extreme Greed
12/3/2024,0x75f7eeb85dc639d5e99c78f95393aa9a5f1170d4,3039.166,8,379.89575,0.875,103040.842,1,Extreme Greed
12/4/2024,0x4f93fead39b70a1824f981a54d4e55b278e9f760,0,21,0,0,149909.0655,1,Extreme Greed
12/4/2024,0x75f7eeb85dc639d5e99c78f95393aa9a5f1170d4,2237.798674,93,24.06235133,0.76344086,261851.9167,1,Extreme Greed
12/4/2024,0xb1231a4a2dd02f2276fa3c5e2a2f3436e6bfed23,-2830.444513,15,-188.6963009,0,30327.61281,1,Extreme Greed
12/5/2024,0x4f93fead39b70a1824f981a54d4e55b278e9f760,0,10,0,0,45004.64505,1,Extreme Greed
12/5/2024,0xb1231a4a2dd02f2276fa3c5e2a2f3436e6bfed23,0,13,0,0,10174.89423,1,Extreme Greed
12/6/2024,0x8477e447846c758f5a675856001ea72298fd9cb5,-21886.53149,217,-100.8595921,0.096774194,191886.9571,1,Greed
12/6/2024,0xb1231a4a2dd02f2276fa3c5e2a2f3436e6bfed23,0,37,0,0,1520.99,1,Greed
12/7/2024,0x4f93fead39b70a1824f981a54d4e55b278e9f760,0,10,0,0,76006.65283,1,Extreme Greed
12/7/2024,0xb1231a4a2dd02f2276fa3c5e2a2f3436e6bfed23,1412.314654,9,156.9238504,1,13576.31431,1,Extreme Greed
12/8/2024,0x430f09841d65beb3f27765503d0f850b8bce7713,0,1,0,0,0.610853321,1,Extreme Greed
12/8/2024,0x4f93fead39b70a1824f981a54d4e55b278e9f760,858.6705,16,53.66690625,0.375,44140.40858,1,Extreme Greed
12/8/2024,0xb1231a4a2dd02f2276fa3c5e2a2f3436e6bfed23,0,31,0,0,10026.3131,1,Extreme Greed
12/10/2024,0x4f93fead39b70a1824f981a54d4e55b278e9f760,541.55471,10,54.155471,0.7,159713.3948,1,Extreme Greed
12/11/2024,0x39cef799f8b69da1995852eea189df24eb5cae3c,0,2,0,0,10390.59904,1,Greed
12/11/2024,0x3f9a0aadc7f04a7c9d75dc1b5a6ddd6e36486cf6,0,4,0,0,5276.554,1,Greed
12/11/2024,0x4f93fead39b70a1824f981a54d4e55b278e9f760,2053.119744,74,27.74486141,0.162162162,1062217.7,1,Greed
12/11/2024,0x8477e447846c758f5a675856001ea72298fd9cb5,1441.27965,91,15.83823791,0.241758242,148469.6424,1,Greed
12/12/2024,0x28736f43f1e871e6aa8b1148d38d4994275d72c4,5806.86932,147,39.50251238,0.557823129,22071.37864,1,Extreme Greed
12/12/2024,0x2c229d22b100a7beb69122eed721cee9b24011dd,7639.595794,62,123.219287,0.629032258,345079.7127,1,Extreme Greed
12/12/2024,0x420ab45e0bd8863569a5efbb9c05d91f40624641,1762.46,10,176.246,1,67508.1,1,Extreme Greed
12/12/2024,0x47add9a56df66b524d5e2c1993a43cde53b6ed85,574.398074,159,3.612566503,0.289308176,72883.80286,1,Extreme Greed
12/12/2024,0x4f93fead39b70a1824f981a54d4e55b278e9f760,0,31,0,0,379879.4223,1,Extreme Greed
12/12/2024,0x513b8629fe877bb581bf244e326a047b249c4ff1,0,89,0,0,296563.7709,1,Extreme Greed
12/12/2024,0x6d6a4b953f202f8df5bed40692e7fd865318264a,362.84131,4,90.7103275,1,532.29,1,Extreme Greed
12/12/2024,0x72c6a4624e1dffa724e6d00d64ceae698af892a0,0,17,0,0,23755.54,1,Extreme Greed
12/12/2024,0x75f7eeb85dc639d5e99c78f95393aa9a5f1170d4,323.348979,52,6.218249596,0.076923077,185290.0188,1,Extreme Greed
12/12/2024,0xa520ded057a32086c40e7dd6ed4eb8efb82c00e0,2512.437585,4,628.1093963,1,5497.658926,1,Extreme Greed
12/12/2024,0xaf40fdc468c30116bd3307bcbf4a451a7ebf1deb,15.24474,1,15.24474,1,771.87042,1,Extreme Greed
12/12/2024,0xb1231a4a2dd02f2276fa3c5e2a2f3436e6bfed23,449328.1075,314,1430.981234,1,449328.3646,1,Extreme Greed
12/12/2024,0xbd5fead7180a9c139fa51a103cb6a2ce86ddb5c3,0,1,0,0,5158.5,1,Extreme Greed
12/12/2024,0xbee1707d6b44d4d52bfe19e41f8a828645437aab,130826.4917,1041,125.6738633,0.814601345,2702869.307,1,Extreme Greed
1/1/2025,0x28736f43f1e871e6aa8b1148d38d4994275d72c4,109.82694,59,1.861473559,0.355932203,15537.48819,1,Greed
1/1/2025,0x39cef799f8b69da1995852eea189df24eb5cae3c,-9655.676981,12,-804.6397484,0.416666667,183247.1687,1,Greed
1/1/2025,0x47add9a56df66b524d5e2c1993a43cde53b6ed85,17.784696,16,1.1115435,0.1875,10126.42559,1,Greed
1/1/2025,0x4f93fead39b70a1824f981a54d4e55b278e9f760,0,1,0,0,49999.50732,1,Greed
1/1/2025,0x7f4f299f74eec87806a830e3caa9afa5f2b9db8f,0,3,0,0,22667.4807,1,Greed
1/1/2025,0x8381e6d82f1affd39a336e143e081ef7620a3b7f,0,5,0,0,1004.01021,1,Greed
1/2/2025,0x23e7a7f8d14b550961925fbfdaa92f5d195ba5bd,1162.002541,78,14.89746847,0.320512821,163388.0684,1,Greed
1/2/2025,0x28736f43f1e871e6aa8b1148d38d4994275d72c4,3.536668,51,0.069346431,0.411764706,53933.26438,1,Greed
1/2/2025,0x2c229d22b100a7beb69122eed721cee9b24011dd,88.506994,21,4.214618762,0.571428571,117810.037,1,Greed
1/2/2025,0x47add9a56df66b524d5e2c1993a43cde53b6ed85,526.448209,33,15.95297603,0.696969697,16189.14836,1,Greed
1/2/2025,0x4f93fead39b70a1824f981a54d4e55b278e9f760,0,4,0,0,90002.75443,1,Greed
1/2/2025,0x6d6a4b953f202f8df5bed40692e7fd865318264a,0,5,0,0,9938.11838,1,Greed
1/2/2025,0x75f7eeb85dc639d5e99c78f95393aa9a5f1170d4,9609.447365,148,64.92869841,0.77027027,595897.147,1,Greed
1/2/2025,0x8170715b3b381dffb7062c0298972d4727a0a63b,0,18,0,0,13921.38288,1,Greed
1/2/2025,0x8477e447846c758f5a675856001ea72298fd9cb5,1579.909758,60,26.3318293,0.483333333,36909.23152,1,Greed
1/2/2025,0xa0feb3725a9335f49874d7cd8eaad6be45b27416,923.487443,18,51.30485794,1,25021.87418,1,Greed
1/2/2025,0xb1231a4a2dd02f2276fa3c5e2a2f3436e6bfed23,15452.34433,11,1404.758575,0.272727273,15404.2985,1,Greed
1/2/2025,0xbee1707d6b44d4d52bfe19e41f8a828645437aab,2954.521713,187,15.79958135,0.711229947,225330.9262,1,Greed
1/3/2025,0x083384f897ee0f19899168e3b1bec365f52a9012,9482.221441,45,210.716032,0.8,134360.8913,1,Greed
1/3/2025,0x28736f43f1e871e6aa8b1148d38d4994275d72c4,557.9358,37,15.07934595,0.378378378,31087.88227,1,Greed
1/3/2025,0x47add9a56df66b524d5e2c1993a43cde53b6ed85,109.593094,27,4.059003481,0.444444444,16664.16327,1,Greed
1/3/2025,0x72c6a4624e1dffa724e6d00d64ceae698af892a0,0,14,0,0,11079,1,Greed
1/3/2025,0xbee1707d6b44d4d52bfe19e41f8a828645437aab,446.358633,51,8.752130059,0.31372549,70632.18909,1,Greed
1/4/2025,0x28736f43f1e871e6aa8b1148d38d4994275d72c4,768.351892,41,18.74029005,0.658536585,17318.83339,1,Greed
1/4/2025,0x2c229d22b100a7beb69122eed721cee9b24011dd,1334.414834,9,148.2683149,0.444444444,10737.38551,1,Greed
1/4/2025,0x47add9a56df66b524d5e2c1993a43cde53b6ed85,-680.287463,19,-35.80460332,0.315789474,4701.334958,1,Greed
1/4/2025,0x4f93fead39b70a1824f981a54d4e55b278e9f760,1402.082488,20,70.1041244,0.4,141406.3498,1,Greed
1/4/2025,0x513b8629fe877bb581bf244e326a047b249c4ff1,0,13,0,0,179501.5132,1,Greed
1/4/2025,0x6d6a4b953f202f8df5bed40692e7fd865318264a,132.719544,14,9.479967429,0.285714286,27360.34367,1,Greed
1/4/2025,0x8170715b3b381dffb7062c0298972d4727a0a63b,4004.50286,13,308.0386815,0.923076923,123441.058,1,Greed
1/4/2025,0xbd5fead7180a9c139fa51a103cb6a2ce86ddb5c3,-9311.892185,28,-332.567578,0,157040.8922,1,Greed
1/4/2025,0xbee1707d6b44d4d52bfe19e41f8a828645437aab,147.445788,35,4.2127368,0.771428571,42937.41169,1,Greed
1/5/2025,0x23e7a7f8d14b550961925fbfdaa92f5d195ba5bd,1243.853569,250,4.975414276,0.324,203876.5206,1,Greed
1/5/2025,0x28736f43f1e871e6aa8b1148d38d4994275d72c4,16.923621,2,8.4618105,1,270.6356,1,Greed
1/5/2025,0x47add9a56df66b524d5e2c1993a43cde53b6ed85,37.385304,7,5.340757714,0.142857143,2093.09473,1,Greed
1/5/2025,0x4f93fead39b70a1824f981a54d4e55b278e9f760,1220.746604,14,87.196186,0.5,201224.7938,1,Greed
1/5/2025,0x513b8629fe877bb581bf244e326a047b249c4ff1,60544.30487,329,184.0252428,0.717325228,7472659.223,1,Greed
1/5/2025,0x8477e447846c758f5a675856001ea72298fd9cb5,-200.94846,19,-10.57623474,0,5883.48733,1,Greed
1/5/2025,0xa0feb3725a9335f49874d7cd8eaad6be45b27416,1449.529436,288,5.033088319,0.350694444,325695.5254,1,Greed
1/5/2025,0xb1231a4a2dd02f2276fa3c5e2a2f3436e6bfed23,102460.1716,73,1403.563995,0.780821918,252734.0692,1,Greed
1/5/2025,0xbaaaf6571ab7d571043ff1e313a9609a10637864,1.86032,1,1.86032,1,3.8992,1,Greed
1/5/2025,0xbd5fead7180a9c139fa51a103cb6a2ce86ddb5c3,-113601.0201,116,-979.3191391,0.00862069,1935050.231,1,Greed
1/5/2025,0xbee1707d6b44d4d52bfe19e41f8a828645437aab,1364.022527,131,10.4123857,0.328244275,320749.1287,1,Greed
2/1/2025,0x28736f43f1e871e6aa8b1148d38d4994275d72c4,416.546688,101,4.124224634,0.455445545,21987.03124,1,Greed
2/1/2025,0x47add9a56df66b524d5e2c1993a43cde53b6ed85,677.276764,90,7.525297378,0.477777778,49367.22899,1,Greed
2/1/2025,0x4f93fead39b70a1824f981a54d4e55b278e9f760,2399.947146,19,126.3130077,0.421052632,372066.4212,1,Greed
2/1/2025,0x72c6a4624e1dffa724e6d00d64ceae698af892a0,0,3,0,0,26682.58,1,Greed
2/1/2025,0x75f7eeb85dc639d5e99c78f95393aa9a5f1170d4,3429.95832,53,64.71619472,0.943396226,205117.6666,1,Greed
2/1/2025,0x7f4f299f74eec87806a830e3caa9afa5f2b9db8f,1008.518954,9,112.0576616,0.555555556,60827.0666,1,Greed
2/1/2025,0x8170715b3b381dffb7062c0298972d4727a0a63b,739.18423,3,246.3947433,1,3012.48311,1,Greed
2/1/2025,0x8477e447846c758f5a675856001ea72298fd9cb5,45.086985,77,0.58554526,0.12987013,25614.70903,1,Greed
2/1/2025,0xb1231a4a2dd02f2276fa3c5e2a2f3436e6bfed23,0,6,0,0,9999.66912,1,Greed
2/2/2025,0x083384f897ee0f19899168e3b1bec365f52a9012,76710,10,7671,0.9,1858470,1,Greed
2/2/2025,0x23e7a7f8d14b550961925fbfdaa92f5d195ba5bd,6352.452613,517,12.28714238,0.450676983,1443682.018,1,Greed
2/2/2025,0x28736f43f1e871e6aa8b1148d38d4994275d72c4,-1416.906536,91,-15.57040149,0.054945055,120908.2229,1,Greed
2/2/2025,0x47add9a56df66b524d5e2c1993a43cde53b6ed85,-782.651717,108,-7.246775157,0.25,51360.10168,1,Greed
2/2/2025,0x4f93fead39b70a1824f981a54d4e55b278e9f760,0,30,0,0,762553.8557,1,Greed
2/2/2025,0x72c6a4624e1dffa724e6d00d64ceae698af892a0,0,37,0,0,30974.6,1,Greed
2/2/2025,0x8170715b3b381dffb7062c0298972d4727a0a63b,0,30,0,0,40000.1302,1,Greed
2/2/2025,0x8381e6d82f1affd39a336e143e081ef7620a3b7f,0,19,0,0,36931.9508,1,Greed
2/2/2025,0x8477e447846c758f5a675856001ea72298fd9cb5,1023.934713,60,17.06557855,0.25,64164.58705,1,Greed
2/2/2025,0x92f17e8d81a944691c10e753af1b1baae1a2cd0d,12245.90505,169,72.46097662,0.443786982,400644.0254,1,Greed
2/2/2025,0xa0feb3725a9335f49874d7cd8eaad6be45b27416,0,29,0,0,35103.47717,1,Greed
2/2/2025,0xb1231a4a2dd02f2276fa3c5e2a2f3436e6bfed23,69051.70619,88,784.6784794,0.806818182,575314.5602,1,Greed
2/2/2025,0xbee1707d6b44d4d52bfe19e41f8a828645437aab,-329.680689,131,-2.516646481,0.290076336,240984.8222,1,Greed
2/3/2025,0x28736f43f1e871e6aa8b1148d38d4994275d72c4,8330.21747,73,114.1125681,0.767123288,104558.4184,1,Fear
2/3/2025,0x47add9a56df66b524d5e2c1993a43cde53b6ed85,349.120926,21,16.624806,0.380952381,23240.57411,1,Fear
2/3/2025,0x4f93fead39b70a1824f981a54d4e55b278e9f760,11005.9916,26,423.3073692,0.807692308,1128567.164,1,Fear
2/3/2025,0x72c6a4624e1dffa724e6d00d64ceae698af892a0,10915.212,25,436.60848,1,34151.04,1,Fear
2/3/2025,0x75f7eeb85dc639d5e99c78f95393aa9a5f1170d4,948.60169,12,79.05014083,0.916666667,47082.78511,1,Fear
2/3/2025,0x8170715b3b381dffb7062c0298972d4727a0a63b,0,2,0,0,4999.954,1,Fear
2/3/2025,0xa0feb3725a9335f49874d7cd8eaad6be45b27416,625.512206,32,19.54725644,0.5,54119.3141,1,Fear
2/3/2025,0xb899e522b5715391ae1d4f137653e7906c5e2115,34795.67817,155,224.4882463,0.483870968,3841996.362,1,Fear
2/3/2025,0xbd5fead7180a9c139fa51a103cb6a2ce86ddb5c3,-2632.65866,84,-31.34117452,0,1026164.593,1,Fear
2/3/2025,0xbee1707d6b44d4d52bfe19e41f8a828645437aab,2576.645303,102,25.26122846,0.539215686,195968.554,1,Fear
2/4/2025,0x28736f43f1e871e6aa8b1148d38d4994275d72c4,669.381363,70,9.5625909,0.6,28989.41139,1,Greed
2/4/2025,0x2c229d22b100a7beb69122eed721cee9b24011dd,1.103158,6,0.183859667,0.333333333,2371.44799,1,Greed
2/4/2025,0x47add9a56df66b524d5e2c1993a43cde53b6ed85,93.006465,4,23.25161625,0.75,1623.720182,1,Greed
2/4/2025,0x4acb90e786d897ecffb614dc822eb231b4ffb9f4,444.205198,16,27.76282488,0.625,599582.1855,1,Greed
2/4/2025,0x4f93fead39b70a1824f981a54d4e55b278e9f760,0,1,0,0,19999.70368,1,Greed
2/4/2025,0x6d6a4b953f202f8df5bed40692e7fd865318264a,234.497751,34,6.896992676,0.264705882,38102.2489,1,Greed
2/4/2025,0x75f7eeb85dc639d5e99c78f95393aa9a5f1170d4,90.98474,11,8.27134,0.818181818,32180.00276,1,Greed
2/4/2025,0x8170715b3b381dffb7062c0298972d4727a0a63b,8045.056928,7,1149.293847,1,14999.9848,1,Greed
2/4/2025,0xbaaaf6571ab7d571043ff1e313a9609a10637864,188114.9804,743,253.1830153,1,2826888.513,1,Greed
2/4/2025,0xbd5fead7180a9c139fa51a103cb6a2ce86ddb5c3,2676.685,66,40.55583333,0.939393939,186250.5,1,Greed
2/4/2025,0xbee1707d6b44d4d52bfe19e41f8a828645437aab,1842.839943,118,15.61728765,0.644067797,116943.0187,1,Greed
3/1/2025,0x28736f43f1e871e6aa8b1148d38d4994275d72c4,250.581483,69,3.631615696,0.52173913,14983.41771,1,Extreme Fear
3/1/2025,0x39cef799f8b69da1995852eea189df24eb5cae3c,0,1,0,0,6217.4763,1,Extreme Fear
3/1/2025,0x47add9a56df66b524d5e2c1993a43cde53b6ed85,846.655814,102,8.300547196,0.235294118,32800.71438,1,Extreme Fear
3/1/2025,0x4f93fead39b70a1824f981a54d4e55b278e9f760,3084.287743,48,64.25599465,0.604166667,462922.4631,1,Extreme Fear
3/1/2025,0x72c6a4624e1dffa724e6d00d64ceae698af892a0,0,6,0,0,36394.5,1,Extreme Fear
3/1/2025,0x7f4f299f74eec87806a830e3caa9afa5f2b9db8f,937.789615,26,36.06883135,0.653846154,51369.18908,1,Extreme Fear
3/1/2025,0x8477e447846c758f5a675856001ea72298fd9cb5,909.172138,177,5.136565751,0.18079096,44562.63221,1,Extreme Fear
3/1/2025,0xb1231a4a2dd02f2276fa3c5e2a2f3436e6bfed23,0,18,0,0,10040.31171,1,Extreme Fear
3/1/2025,0xbd5fead7180a9c139fa51a103cb6a2ce86ddb5c3,0,61,0,0,111918.4,1,Extreme Fear
3/2/2025,0x083384f897ee0f19899168e3b1bec365f52a9012,101011.6857,839,120.3953345,0.305125149,19794543.61,1,Fear
3/2/2025,0x28736f43f1e871e6aa8b1148d38d4994275d72c4,439.634046,75,5.86178728,0.6,93869.34638,1,Fear
3/2/2025,0x47add9a56df66b524d5e2c1993a43cde53b6ed85,2440.916534,182,13.41162931,0.401098901,115299.8959,1,Fear
3/2/2025,0x75f7eeb85dc639d5e99c78f95393aa9a5f1170d4,14982.68173,351,42.68570292,0.749287749,1032269.139,1,Fear
3/2/2025,0x8170715b3b381dffb7062c0298972d4727a0a63b,13770.71533,119,115.7202969,0.806722689,42245.01892,1,Fear
3/2/2025,0x8381e6d82f1affd39a336e143e081ef7620a3b7f,0,8,0,0,18810.28514,1,Fear
3/2/2025,0x8477e447846c758f5a675856001ea72298fd9cb5,1474.607584,138,10.6855622,0.485507246,227057.5719,1,Fear
3/2/2025,0xa0feb3725a9335f49874d7cd8eaad6be45b27416,2161.67512,15,144.1116747,0.4,128667.9228,1,Fear
3/2/2025,0xa520ded057a32086c40e7dd6ed4eb8efb82c00e0,20.596691,1,20.596691,1,999.9072,1,Fear
3/2/2025,0xb1231a4a2dd02f2276fa3c5e2a2f3436e6bfed23,46742.28875,258,181.1716618,0.34496124,343928.4126,1,Fear
3/2/2025,0xbd5fead7180a9c139fa51a103cb6a2ce86ddb5c3,160022.9508,69,2319.1732,1,223835.2126,1,Fear
3/2/2025,0xbee1707d6b44d4d52bfe19e41f8a828645437aab,5803.573999,325,17.85715077,0.424615385,571375.0789,1,Fear
3/3/2025,0x083384f897ee0f19899168e3b1bec365f52a9012,533974.6629,641,833.0337955,0.842433697,5365898.397,1,Fear
3/3/2025,0x23e7a7f8d14b550961925fbfdaa92f5d195ba5bd,2480.902379,110,22.55365799,0.454545455,219900.9583,1,Fear
3/3/2025,0x28736f43f1e871e6aa8b1148d38d4994275d72c4,494.669357,58,8.528782017,0.362068966,31141.83517,1,Fear
3/3/2025,0x47add9a56df66b524d5e2c1993a43cde53b6ed85,376.017126,33,11.39445836,0.363636364,19510.141,1,Fear
3/3/2025,0x4acb90e786d897ecffb614dc822eb231b4ffb9f4,0,19,0,0,199936.2877,1,Fear
3/3/2025,0x4f93fead39b70a1824f981a54d4e55b278e9f760,1136.272279,12,94.68935658,0.5,321169.4578,1,Fear
3/3/2025,0x72c6a4624e1dffa724e6d00d64ceae698af892a0,17247.4275,16,1077.964219,0.625,60552.1467,1,Fear
3/3/2025,0x75f7eeb85dc639d5e99c78f95393aa9a5f1170d4,-370.250064,101,-3.665842218,0.603960396,102889.3035,1,Fear
3/3/2025,0x8170715b3b381dffb7062c0298972d4727a0a63b,0,8,0,0,4999.95,1,Fear
3/3/2025,0x8477e447846c758f5a675856001ea72298fd9cb5,468.351978,68,6.887529088,0.338235294,39158.98548,1,Fear
3/3/2025,0xa0feb3725a9335f49874d7cd8eaad6be45b27416,60.171373,176,0.341882801,0.085227273,41276.3198,1,Fear
3/3/2025,0xb899e522b5715391ae1d4f137653e7906c5e2115,535.407221,31,17.27120068,0.451612903,523107.7863,1,Fear
3/3/2025,0xbd5fead7180a9c139fa51a103cb6a2ce86ddb5c3,57561.35367,136,423.2452476,0.823529412,1171195.484,1,Fear
3/3/2025,0xbee1707d6b44d4d52bfe19e41f8a828645437aab,2448.046511,73,33.53488371,0.657534247,143853.5656,1,Fear
3/4/2025,0x23e7a7f8d14b550961925fbfdaa92f5d195ba5bd,0,1,0,0,54768.6,1,Extreme Fear
3/4/2025,0x28736f43f1e871e6aa8b1148d38d4994275d72c4,149.512345,85,1.758968765,0.117647059,38532.1638,1,Extreme Fear
3/4/2025,0x2c229d22b100a7beb69122eed721cee9b24011dd,160.127816,26,6.158762154,0.730769231,19222.61608,1,Extreme Fear
3/4/2025,0x39cef799f8b69da1995852eea189df24eb5cae3c,0,142,0,0,673491.7205,1,Extreme Fear
3/4/2025,0x47add9a56df66b524d5e2c1993a43cde53b6ed85,7.052034,14,0.503716714,0.142857143,8893.28958,1,Extreme Fear
3/4/2025,0x4acb90e786d897ecffb614dc822eb231b4ffb9f4,0,60,0,0,999996.6401,1,Extreme Fear
3/4/2025,0x4f93fead39b70a1824f981a54d4e55b278e9f760,0,9,0,0,279939.0989,1,Extreme Fear
3/4/2025,0x513b8629fe877bb581bf244e326a047b249c4ff1,0,49,0,0,110787.0185,1,Extreme Fear
3/4/2025,0x6d6a4b953f202f8df5bed40692e7fd865318264a,298.031364,20,14.9015682,0.25,18458.77642,1,Extreme Fear
3/4/2025,0x8170715b3b381dffb7062c0298972d4727a0a63b,0,85,0,0,478472.7937,1,Extreme Fear
3/4/2025,0x8477e447846c758f5a675856001ea72298fd9cb5,0,6,0,0,3997.1994,1,Extreme Fear
3/4/2025,0xaf40fdc468c30116bd3307bcbf4a451a7ebf1deb,2020,8,252.5,0.125,340220,1,Extreme Fear
3/4/2025,0xb1231a4a2dd02f2276fa3c5e2a2f3436e6bfed23,0,9,0,0,49999.95,1,Extreme Fear
3/4/2025,0xb899e522b5715391ae1d4f137653e7906c5e2115,361.071464,24,15.04464433,0.291666667,680921.1183,1,Extreme Fear
3/4/2025,0xbaaaf6571ab7d571043ff1e313a9609a10637864,3869.208803,937,4.129358381,0.508004269,4382512.819,1,Extreme Fear
3/4/2025,0xbd5fead7180a9c139fa51a103cb6a2ce86ddb5c3,-5862.088776,12,-488.507398,0,84612.08878,1,Extreme Fear
3/4/2025,0xbee1707d6b44d4d52bfe19e41f8a828645437aab,-3368.876326,261,-12.90757213,0,445407.3078,1,Extreme Fear
4/1/2025,0x28736f43f1e871e6aa8b1148d38d4994275d72c4,232.665498,81,2.872413556,0.49382716,12691.33366,1,Fear
4/1/2025,0x47add9a56df66b524d5e2c1993a43cde53b6ed85,73.451675,57,1.288625877,0.263157895,35836.35277,1,Fear
4/1/2025,0x4f93fead39b70a1824f981a54d4e55b278e9f760,0,14,0,0,99999.719,1,Fear
4/1/2025,0x72743ae2822edd658c0c50608fd7c5c501b2afbd,0,141,0,0,1631350,1,Fear
4/1/2025,0x72c6a4624e1dffa724e6d00d64ceae698af892a0,0,1,0,0,2128.95,1,Fear
4/1/2025,0x8381e6d82f1affd39a336e143e081ef7620a3b7f,0,2,0,0,1421.728,1,Fear
4/1/2025,0x8477e447846c758f5a675856001ea72298fd9cb5,30.818079,51,0.604276059,0.039215686,9329.641265,1,Fear
4/1/2025,0xa520ded057a32086c40e7dd6ed4eb8efb82c00e0,556.803152,5,111.3606304,1,1065.47097,1,Fear
4/1/2025,0xb1231a4a2dd02f2276fa3c5e2a2f3436e6bfed23,1659.799564,19,87.35787179,0.684210526,32206.48172,1,Fear
4/2/2025,0x083384f897ee0f19899168e3b1bec365f52a9012,375620.2702,531,707.3828065,0.156308851,5616221.01,1,Fear
4/2/2025,0x28736f43f1e871e6aa8b1148d38d4994275d72c4,1291.500575,48,26.90626198,0.354166667,54703.70357,1,Fear
4/2/2025,0x47add9a56df66b524d5e2c1993a43cde53b6ed85,874.381056,34,25.71708988,0.470588235,13258.83381,1,Fear
4/2/2025,0x4f93fead39b70a1824f981a54d4e55b278e9f760,6403.506124,9,711.5006804,1,858959.5206,1,Fear
4/2/2025,0x72c6a4624e1dffa724e6d00d64ceae698af892a0,0,1,0,0,15000,1,Fear
4/2/2025,0x75f7eeb85dc639d5e99c78f95393aa9a5f1170d4,1985.815595,76,26.12915257,0.973684211,121983.8554,1,Fear
4/2/2025,0x8170715b3b381dffb7062c0298972d4727a0a63b,0,45,0,0,30451.72692,1,Fear
4/2/2025,0x8381e6d82f1affd39a336e143e081ef7620a3b7f,9167.620989,104,88.15020182,0.471153846,6044911.954,1,Fear
4/2/2025,0x8477e447846c758f5a675856001ea72298fd9cb5,0,6,0,0,2775.027306,1,Fear
4/2/2025,0xa0feb3725a9335f49874d7cd8eaad6be45b27416,4624.583773,731,6.32637999,0.18878249,893174.0251,1,Fear
4/2/2025,0xb1231a4a2dd02f2276fa3c5e2a2f3436e6bfed23,16102.44463,661,24.36073318,0.360060514,1623702.13,1,Fear
4/2/2025,0xbd5fead7180a9c139fa51a103cb6a2ce86ddb5c3,0,18,0,0,68000,1,Fear
4/2/2025,0xbee1707d6b44d4d52bfe19e41f8a828645437aab,806.765131,248,3.253085206,0.286290323,335267.5955,1,Fear
4/3/2025,0x23e7a7f8d14b550961925fbfdaa92f5d195ba5bd,-3169.355468,65,-48.75931489,0,114173.1822,1,Fear
4/3/2025,0x28736f43f1e871e6aa8b1148d38d4994275d72c4,163.73415,43,3.80777093,0.302325581,46953.83078,1,Fear
4/3/2025,0x39cef799f8b69da1995852eea189df24eb5cae3c,863.956464,63,13.71359467,0.476190476,202453.389,1,Fear
4/3/2025,0x47add9a56df66b524d5e2c1993a43cde53b6ed85,444.266681,32,13.88333378,0.21875,16090.36755,1,Fear
4/3/2025,0x4acb90e786d897ecffb614dc822eb231b4ffb9f4,0,155,0,0,860142.599,1,Fear
4/3/2025,0x4f93fead39b70a1824f981a54d4e55b278e9f760,8002.939313,59,135.6430392,0.474576271,1526486.531,1,Fear
4/3/2025,0x72c6a4624e1dffa724e6d00d64ceae698af892a0,169132.2961,155,1091.176104,0.496774194,469661.9349,1,Fear
4/3/2025,0x8170715b3b381dffb7062c0298972d4727a0a63b,6939.47356,16,433.7170975,0.8125,14999.921,1,Fear
4/3/2025,0x8477e447846c758f5a675856001ea72298fd9cb5,54.2704,8,6.7838,0.125,8942.56982,1,Fear
4/3/2025,0xa0feb3725a9335f49874d7cd8eaad6be45b27416,0,40,0,0,14771.06682,1,Fear
4/3/2025,0xae5eacaf9c6b9111fd53034a602c192a04e082ed,0,21,0,0,152639.0267,1,Fear
4/3/2025,0xb1231a4a2dd02f2276fa3c5e2a2f3436e6bfed23,0,77,0,0,136289.6036,1,Fear
4/3/2025,0xb899e522b5715391ae1d4f137653e7906c5e2115,4578.655427,124,36.92464054,0.508064516,2193702.332,1,Fear
4/3/2025,0xbaaaf6571ab7d571043ff1e313a9609a10637864,0,563,0,0,3730033.338,1,Fear
4/3/2025,0xbd5fead7180a9c139fa51a103cb6a2ce86ddb5c3,0,2,0,0,172000,1,Fear
4/3/2025,0xbee1707d6b44d4d52bfe19e41f8a828645437aab,-4934.670052,979,-5.040520993,0.385086823,1464907.316,1,Fear
4/4/2025,0x28736f43f1e871e6aa8b1148d38d4994275d72c4,498.735282,100,4.98735282,0.56,28054.42382,1,Fear
4/4/2025,0x39cef799f8b69da1995852eea189df24eb5cae3c,266.39774,34,7.835227647,1,673225.1458,1,Fear
4/4/2025,0x3f9a0aadc7f04a7c9d75dc1b5a6ddd6e36486cf6,0,1,0,0,63727.4,1,Fear
4/4/2025,0x47add9a56df66b524d5e2c1993a43cde53b6ed85,0,2,0,0,1749.55552,1,Fear
4/4/2025,0x4acb90e786d897ecffb614dc822eb231b4ffb9f4,0,51,0,0,421466.1132,1,Fear
4/4/2025,0x4f93fead39b70a1824f981a54d4e55b278e9f760,4591.427139,21,218.6393876,0.619047619,424550.6439,1,Fear
4/4/2025,0x6d6a4b953f202f8df5bed40692e7fd865318264a,392.354886,60,6.5392481,0.15,37577.75739,1,Fear
4/4/2025,0x8170715b3b381dffb7062c0298972d4727a0a63b,4805.34561,68,70.66684721,0.102941176,63381.4897,1,Fear
4/4/2025,0x8477e447846c758f5a675856001ea72298fd9cb5,586.623362,54,10.86339559,0.314814815,26109.73659,1,Fear
4/4/2025,0xb1231a4a2dd02f2276fa3c5e2a2f3436e6bfed23,2242.086667,99,22.64734007,0.656565657,112749.3007,1,Fear
4/4/2025,0xb899e522b5715391ae1d4f137653e7906c5e2115,0,6,0,0,101691.6366,1,Fear
4/4/2025,0xbaaaf6571ab7d571043ff1e313a9609a10637864,9367.872074,318,29.45871721,0.679245283,699197.7653,1,Fear
4/4/2025,0xbd5fead7180a9c139fa51a103cb6a2ce86ddb5c3,-43753.36158,132,-331.4648604,0.181818182,719162.6711,1,Fear
4/4/2025,0xbee1707d6b44d4d52bfe19e41f8a828645437aab,-4513.160132,326,-13.84404948,0.159509202,462902.0977,1,Fear
5/1/2025,0x28736f43f1e871e6aa8b1148d38d4994275d72c4,87.752181,82,1.070148549,0.536585366,8297.076945,1,Neutral
5/1/2025,0x47add9a56df66b524d5e2c1993a43cde53b6ed85,8.594753,38,0.226177711,0.105263158,16718.76349,1,Neutral
5/1/2025,0x4f93fead39b70a1824f981a54d4e55b278e9f760,890.33157,19,46.85955632,0.210526316,369118.8932,1,Neutral
5/1/2025,0x72c6a4624e1dffa724e6d00d64ceae698af892a0,0,8,0,0,22909.5,1,Neutral
5/1/2025,0x7f4f299f74eec87806a830e3caa9afa5f2b9db8f,1093.05677,7,156.1509671,1,12797.12048,1,Neutral
5/1/2025,0x8381e6d82f1affd39a336e143e081ef7620a3b7f,0,1,0,0,456.8268,1,Neutral
5/1/2025,0x8477e447846c758f5a675856001ea72298fd9cb5,151.429584,51,2.969207529,0.176470588,10682.2628,1,Neutral
5/1/2025,0xb1231a4a2dd02f2276fa3c5e2a2f3436e6bfed23,956.554505,33,28.98650015,0.96969697,10963.06409,1,Neutral
5/2/2025,0x083384f897ee0f19899168e3b1bec365f52a9012,44400.9058,210,211.4328848,0.371428571,5582863.3,1,Greed
5/2/2025,0x28736f43f1e871e6aa8b1148d38d4994275d72c4,696.810724,83,8.395309928,0.445783133,75729.78498,1,Greed
5/2/2025,0x47add9a56df66b524d5e2c1993a43cde53b6ed85,32.72269,3,10.90756333,0.333333333,1295.70462,1,Greed
5/2/2025,0x4f93fead39b70a1824f981a54d4e55b278e9f760,0,9,0,0,149967.2472,1,Greed
5/2/2025,0x75f7eeb85dc639d5e99c78f95393aa9a5f1170d4,14.590934,20,0.7295467,0.75,42145.05145,1,Greed
5/2/2025,0x8170715b3b381dffb7062c0298972d4727a0a63b,0,25,0,0,14999.80178,1,Greed
5/2/2025,0x8381e6d82f1affd39a336e143e081ef7620a3b7f,1843.301845,327,5.6370087,0.385321101,767745.0075,1,Greed
5/2/2025,0x8477e447846c758f5a675856001ea72298fd9cb5,554.257954,20,27.7128977,0.6,11099.19875,1,Greed
5/2/2025,0xa0feb3725a9335f49874d7cd8eaad6be45b27416,-6194.283149,368,-16.83229117,0.122282609,1531595.619,1,Greed
5/2/2025,0xb1231a4a2dd02f2276fa3c5e2a2f3436e6bfed23,14644.10067,218,67.17477373,0.422018349,514427.426,1,Greed
5/2/2025,0xbee1707d6b44d4d52bfe19e41f8a828645437aab,713.82809,14,50.98772071,0.785714286,51363.41186,1,Greed
